goalTime,epochScnds,"Tottenham Hotspur
 Pts","Liverpool
 Pts","Swansea City
 Pts","Aston Villa
 Pts","Manchester City
 Pts","Stoke City
 Pts","Sunderland
 Pts","Newcastle United
 Pts","West Ham United
 Pts","Norwich City
 Pts","Bournemouth
 Pts","Crystal Palace
 Pts","Southampton
 Pts","Leicester City
 Pts","Watford
 Pts","West Bromwich Albion
 Pts","Arsenal
 Pts","Chelsea
 Pts","Manchester United
 Pts","Everton
 Pts"
2015-08-08 11:44:58,1439030698,5,6,8,17,2,9,16,15,12,20,18,10,7,14,19,13,3,1,4,11
2015-08-08 11:44:59,1439030699,20,20,20,20,20,20,20,20,20,20,20,20,20,20,20,20,20,20,20,20
2015-08-08 11:45:00,1439030700,2,20,20,20,20,20,20,20,20,20,20,20,20,20,20,20,20,20,2,20
2015-08-08 12:06:35,1439031995,20,19,19,19,19,19,19,19,19,19,19,19,19,19,19,19,19,19,1,19
2015-08-08 15:00:00,1439042400,20,19,19,9,19,19,9,19,19,9,9,9,19,9,9,19,19,19,1,9
2015-08-08 15:10:19,1439043019,20,18,18,8,18,18,20,18,18,8,8,8,18,2,8,18,18,18,2,8
2015-08-08 15:13:07,1439043187,20,17,17,7,17,17,20,17,17,7,7,7,17,3,3,17,17,17,3,20
2015-08-08 15:17:46,1439043466,19,17,17,7,17,17,20,17,17,7,7,7,17,1,3,17,17,17,3,19
2015-08-08 15:24:28,1439043868,19,17,17,7,17,17,20,17,17,7,7,7,17,1,3,17,17,17,3,19
2015-08-08 15:38:03,1439044683,19,16,16,6,16,16,20,16,16,19,6,4,16,1,4,16,16,16,4,19
2015-08-08 16:06:03,1439046363,18,16,16,6,16,16,20,16,16,19,6,2,16,1,4,16,16,16,4,18
2015-08-08 16:18:04,1439047084,18,16,16,6,16,16,19,16,16,20,6,2,16,1,4,16,16,16,4,18
2015-08-08 16:23:33,1439047413,18,16,16,6,16,16,20,16,16,19,6,2,16,1,4,16,16,16,4,18
2015-08-08 16:25:11,1439047511,19,16,16,6,16,16,20,16,16,17,6,2,16,1,4,16,16,16,4,19
2015-08-08 16:28:25,1439047705,19,15,15,5,15,15,20,15,15,16,19,2,15,1,5,15,15,15,5,19
2015-08-08 16:28:27,1439047707,19,15,15,5,15,15,20,15,15,16,19,2,15,1,5,15,15,15,5,19
2015-08-08 16:30:00,1439047800,19,15,7,5,15,15,20,15,15,16,19,2,15,1,5,15,15,7,5,19
2015-08-08 16:32:26,1439047946,19,16,8,4,16,16,20,16,16,17,19,2,16,1,6,16,16,8,4,6
2015-08-08 16:39:55,1439048395,19,15,7,5,15,15,20,15,15,17,19,3,15,1,3,15,15,7,5,17
2015-08-08 16:42:57,1439048577,19,16,8,4,16,16,20,16,16,17,19,2,16,1,6,16,16,8,4,6
2015-08-08 16:50:41,1439049041,18,16,8,4,16,16,19,16,16,20,18,2,16,1,6,16,16,8,4,6
2015-08-08 16:52:09,1439049129,18,15,18,5,15,15,19,15,15,20,18,2,15,1,7,15,15,5,5,7
2015-08-08 16:58:18,1439049498,18,16,8,4,16,16,19,16,16,20,18,2,16,1,6,16,16,8,4,6
2015-08-08 16:59:53,1439049593,18,15,16,5,15,15,19,15,15,20,18,2,15,1,7,15,15,3,5,7
2015-08-08 17:42:03,1439052123,18,16,8,4,16,16,19,16,16,20,18,2,16,1,8,16,16,8,4,8
2015-08-09 12:30:00,1439119800,18,16,8,4,16,16,19,12,12,20,18,2,12,1,8,16,12,8,4,8
2015-08-09 12:53:56,1439121236,18,15,9,5,15,15,19,18,11,20,18,2,5,1,9,15,11,9,5,9
2015-08-09 13:11:54,1439122314,18,16,8,4,16,16,19,10,12,20,18,2,10,1,8,16,12,8,4,8
2015-08-09 13:12:48,1439122368,18,15,9,5,15,15,19,11,5,20,18,2,11,1,9,15,18,9,5,9
2015-08-09 13:34:25,1439123665,18,14,10,6,14,14,19,3,6,20,18,2,15,1,10,14,18,10,6,10
2015-08-09 13:43:39,1439124219,17,14,10,6,14,14,18,4,3,19,17,2,15,1,10,14,20,10,6,10
2015-08-09 14:05:24,1439125524,17,15,11,5,15,15,18,11,3,19,17,2,11,1,11,15,20,11,5,11
2015-08-09 15:00:00,1439128800,17,13,11,5,15,13,18,11,3,19,17,2,11,1,11,15,20,11,5,11
2015-08-09 16:42:43,1439134963,17,6,12,6,14,17,18,12,3,19,17,2,12,1,12,14,20,12,6,12
2015-08-10 19:00:00,1439229600,17,6,12,6,14,17,18,12,3,19,17,2,12,1,12,14,20,12,6,12
2015-08-10 19:08:30,1439230110,17,7,13,7,7,17,18,13,3,19,17,2,13,1,13,17,20,13,7,13
2015-08-10 19:23:32,1439231012,16,7,13,7,4,16,17,13,4,18,16,2,13,1,13,20,20,13,7,13
2015-08-10 20:14:38,1439234078,16,7,13,7,1,16,17,13,4,18,16,3,13,2,13,20,19,13,7,13
2015-08-14 18:45:00,1439574300,16,7,13,2,3,16,17,13,6,18,16,5,13,4,13,20,19,13,2,13
2015-08-14 19:13:07,1439575987,16,6,13,7,2,16,17,13,5,18,16,4,13,3,13,20,19,13,1,13
2015-08-15 11:45:00,1439635500,16,6,13,7,2,16,17,13,5,18,16,4,9,3,13,20,19,13,1,9
2015-08-15 12:06:11,1439636771,16,7,12,8,3,16,17,12,6,18,16,5,13,4,12,20,19,12,1,2
2015-08-15 12:29:02,1439638142,16,7,12,8,3,16,17,12,6,18,16,5,13,4,12,20,19,12,1,2
2015-08-15 13:26:55,1439641615,16,7,12,8,3,16,17,12,6,18,16,5,13,4,12,20,19,12,1,2
2015-08-15 15:00:00,1439647200,14,7,11,8,5,14,15,11,4,16,19,6,17,3,11,18,20,12,1,2
2015-08-15 15:08:48,1439647728,14,8,5,9,6,14,15,12,4,16,19,7,17,3,10,18,20,11,1,2
2015-08-15 15:18:29,1439648309,10,8,5,10,6,20,14,13,4,15,18,7,16,3,11,17,20,12,1,2
2015-08-15 15:25:35,1439648735,10,8,5,10,6,19,20,14,4,11,17,7,15,3,12,16,19,13,1,2
2015-08-15 15:26:30,1439648790,10,8,4,10,5,19,20,14,7,11,17,6,15,1,12,16,19,13,2,3
2015-08-15 15:36:50,1439649410,11,8,4,11,5,19,20,14,7,9,17,6,15,1,12,16,19,13,2,3
2015-08-15 15:37:22,1439649442,11,7,4,11,5,19,20,14,9,8,17,6,15,1,12,16,19,13,2,3
2015-08-15 15:46:22,1439649982,7,8,4,11,5,19,20,14,10,9,17,6,15,1,12,16,18,13,2,3
2015-08-15 16:08:46,1439651326,7,8,4,11,5,19,20,14,10,9,17,6,15,1,12,16,18,13,2,3
2015-08-15 16:13:25,1439651605,8,9,4,11,5,19,20,14,7,10,17,6,15,1,12,16,18,13,2,3
2015-08-15 16:14:56,1439651696,9,10,4,11,5,19,20,14,8,7,17,6,15,1,12,16,18,13,2,3
2015-08-15 16:35:05,1439652905,10,9,4,11,5,18,20,14,8,7,17,6,15,1,12,16,19,13,2,3
2015-08-15 16:39:33,1439653173,14,9,4,10,5,14,20,15,8,7,18,6,16,1,11,17,19,12,2,3
2015-08-15 16:45:45,1439653545,14,8,4,10,5,14,20,15,7,9,18,6,16,1,11,17,19,12,2,3
2015-08-16 12:30:00,1439724600,14,8,4,10,6,14,20,15,7,9,19,5,17,1,11,18,16,12,2,3
2015-08-16 12:45:09,1439725509,15,8,4,10,5,15,20,16,7,9,19,7,17,1,12,18,11,13,2,3
2015-08-16 12:57:03,1439726223,14,8,5,10,6,14,20,15,7,9,19,5,17,1,11,18,16,12,2,3
2015-08-16 13:40:30,1439728830,15,8,4,10,5,15,20,16,7,9,19,6,17,1,12,18,11,13,2,3
2015-08-16 15:00:00,1439733600,15,8,5,10,4,15,20,16,7,9,19,6,17,1,13,18,11,13,2,3
2015-08-16 15:31:00,1439735460,15,8,5,10,1,15,20,16,7,9,19,6,17,2,12,18,11,15,3,4
2015-08-16 16:38:36,1439739516,14,8,5,10,1,14,20,16,7,9,19,6,17,2,12,18,11,16,3,4
2015-08-16 16:44:05,1439739845,14,8,5,10,1,14,20,15,7,9,19,6,17,2,12,18,11,17,3,4
2015-08-17 19:00:00,1439834400,14,6,5,10,1,14,20,16,8,9,15,7,18,2,12,19,11,18,3,4
2015-08-17 19:25:49,1439835949,14,4,6,10,1,14,20,15,8,9,19,7,17,2,12,18,11,17,4,5
2015-08-22 11:45:00,1440240300,15,4,6,10,2,15,20,13,8,9,19,7,17,3,12,18,11,17,1,5
2015-08-22 15:00:00,1440252000,14,4,5,10,3,14,20,15,8,9,16,7,18,1,12,19,11,18,2,6
2015-08-22 15:10:30,1440252630,14,4,5,10,3,9,20,15,8,11,16,7,18,1,13,19,12,18,2,6
2015-08-22 15:10:36,1440252636,15,4,5,9,3,8,20,16,10,11,13,7,18,1,14,19,12,18,2,6
2015-08-22 15:27:30,1440253650,15,4,5,9,3,14,20,16,11,8,10,7,18,1,13,19,12,18,2,6
2015-08-22 15:47:07,1440254827,15,5,2,9,4,14,20,16,11,8,10,7,18,1,13,19,12,18,3,6
2015-08-22 16:06:06,1440255966,15,5,2,9,4,14,20,16,10,8,12,7,18,1,13,19,12,18,3,6
2015-08-22 16:11:08,1440256268,14,5,2,10,4,13,20,15,7,9,16,8,18,1,12,19,11,18,3,6
2015-08-22 16:20:19,1440256819,14,4,5,10,3,13,20,15,7,9,16,8,18,1,12,19,11,18,2,6
2015-08-22 16:24:14,1440257054,15,4,5,9,3,14,20,16,10,8,11,7,18,1,13,19,12,18,2,6
2015-08-22 16:28:46,1440257326,15,5,6,12,3,14,20,16,9,8,10,4,18,1,13,19,11,18,2,7
2015-08-22 16:34:28,1440257668,15,4,5,9,3,14,20,16,10,8,11,7,18,1,13,19,12,18,2,6
2015-08-22 16:37:28,1440257848,9,4,5,10,2,15,20,16,11,8,12,7,18,3,14,19,13,18,1,6
2015-08-22 16:37:58,1440257878,9,4,5,10,2,15,20,16,12,8,11,7,18,3,14,19,13,18,1,6
2015-08-22 16:38:58,1440257938,15,4,5,9,3,15,20,16,11,8,10,7,18,1,13,19,12,18,2,6
2015-08-22 16:40:43,1440258043,15,4,5,9,3,15,20,16,10,8,11,7,18,1,13,19,12,18,2,6
2015-08-22 16:45:08,1440258308,15,5,6,12,3,15,20,16,9,8,10,4,18,1,13,19,12,18,2,7
2015-08-23 12:30:00,1440329400,15,5,6,12,3,15,20,16,9,8,10,4,19,1,13,18,12,17,2,7
2015-08-23 12:49:30,1440330570,16,5,6,13,3,16,19,17,10,8,11,4,18,1,14,20,13,9,2,7
2015-08-23 12:59:09,1440331149,16,5,6,13,3,16,19,17,10,8,11,4,18,1,14,20,13,9,2,7
2015-08-23 13:04:51,1440331491,16,5,6,13,3,16,19,17,10,8,11,4,18,1,14,20,13,9,2,7
2015-08-23 13:11:40,1440331900,16,5,6,13,3,16,19,17,10,8,11,4,18,1,14,20,13,9,2,7
2015-08-23 13:45:37,1440333937,16,5,6,13,3,16,19,17,10,8,11,4,18,1,14,20,13,9,2,7
2015-08-23 15:00:00,1440338400,16,5,7,14,1,16,19,17,10,8,12,4,18,2,11,20,14,9,3,6
2015-08-23 16:18:41,1440343121,16,5,6,14,1,16,19,17,10,8,12,4,18,2,11,20,14,9,3,7
2015-08-23 16:47:13,1440344833,16,5,6,14,1,16,19,17,10,8,12,4,18,2,11,20,14,9,3,7
2015-08-24 19:00:00,1440439200,16,4,6,14,1,16,19,17,11,8,13,5,18,2,12,20,9,10,4,7
2015-08-29 11:45:00,1440845100,17,4,6,14,1,17,19,15,11,9,13,5,18,2,12,20,7,10,4,8
2015-08-29 12:53:39,1440849219,16,4,7,14,1,16,19,18,11,9,13,6,18,2,12,20,5,10,4,8
2015-08-29 15:00:00,1440856800,16,3,7,14,1,15,19,18,10,11,13,4,18,2,12,20,6,8,5,9
2015-08-29 15:02:28,1440856948,16,5,8,14,1,15,19,18,7,11,13,3,18,2,12,20,6,9,4,10
2015-08-29 15:07:55,1440857275,17,5,8,16,1,15,14,19,7,11,13,3,19,2,12,20,6,9,4,10
2015-08-29 15:10:58,1440857458,16,5,8,14,1,15,19,18,7,11,13,3,18,2,12,20,6,9,4,10
2015-08-29 15:23:29,1440858209,16,5,9,14,1,15,19,18,7,12,8,3,18,2,13,20,6,10,4,11
2015-08-29 15:28:23,1440858503,16,6,9,14,1,15,19,18,7,12,8,3,18,2,13,20,5,10,4,11
2015-08-29 15:40:30,1440859230,16,6,10,9,1,15,20,18,7,13,8,3,18,2,14,19,5,11,4,12
2015-08-29 15:47:45,1440859665,16,6,10,9,1,17,20,19,7,13,8,3,19,2,14,15,5,11,4,12
2015-08-29 16:02:37,1440860557,16,6,10,9,1,17,20,19,7,13,8,3,19,2,15,14,5,11,4,12
2015-08-29 16:07:37,1440860857,16,6,9,13,1,17,20,19,7,12,8,3,19,2,15,14,5,10,4,11
2015-08-29 16:11:18,1440861078,16,6,9,13,1,17,20,19,7,12,8,3,19,2,15,14,5,10,4,11
2015-08-29 16:20:49,1440861649,16,6,9,12,1,17,20,19,7,11,8,2,19,3,15,14,5,13,4,10
2015-08-29 16:30:00,1440862200,15,6,9,12,1,17,20,19,7,11,8,2,19,3,16,14,5,13,4,10
2015-08-29 16:35:00,1440862500,15,6,9,13,1,17,20,19,7,12,8,3,19,3,16,14,5,11,4,10
2015-08-29 16:36:48,1440862608,15,6,9,12,1,17,20,19,7,11,8,2,19,3,16,14,5,13,4,10
2015-08-29 16:43:07,1440862987,15,6,8,12,1,17,20,19,7,10,11,2,19,3,16,14,5,13,4,9
2015-08-29 16:50:36,1440863436,15,6,8,12,1,17,20,19,7,10,11,2,19,3,16,14,5,13,4,9
2015-08-30 12:30:00,1440934200,15,6,8,12,1,18,20,19,7,10,11,2,17,3,16,14,5,13,4,9
2015-08-30 13:15:43,1440936943,16,6,8,13,1,18,20,19,7,12,12,2,10,3,17,15,5,14,4,9
2015-08-30 13:51:09,1440939069,16,6,8,12,1,18,20,19,7,13,11,2,10,3,17,15,5,14,4,9
2015-08-30 13:53:53,1440939233,16,6,8,12,1,18,20,19,7,14,11,2,10,3,17,15,5,13,4,9
2015-08-30 15:00:00,1440943200,16,6,8,12,1,18,20,19,7,14,11,2,10,3,17,15,5,13,4,9
2015-08-30 16:04:05,1440947045,16,6,9,12,1,18,20,19,7,14,11,3,10,4,17,15,5,13,2,9
2015-08-30 16:16:11,1440947771,16,6,8,12,1,18,20,19,7,14,11,2,10,3,17,15,5,13,4,9
2015-08-30 16:21:19,1440948079,16,7,4,12,1,18,20,19,8,14,11,2,10,3,17,15,6,13,5,9
2015-09-12 11:45:00,1442054700,16,7,4,13,1,18,20,19,8,14,12,2,10,3,17,15,6,11,5,9
2015-09-12 12:01:17,1442055677,16,8,4,12,1,18,20,19,9,13,11,2,10,3,17,14,7,15,6,5
2015-09-12 12:06:19,1442055979,16,8,5,12,1,18,20,19,9,13,11,2,10,3,17,14,7,15,6,5
2015-09-12 12:20:08,1442056808,16,8,4,12,1,18,20,19,9,13,11,2,10,3,17,14,7,15,6,5
2015-09-12 13:23:59,1442060639,16,8,5,12,1,18,20,19,9,13,11,2,10,4,17,14,7,15,6,4
2015-09-12 15:00:00,1442066400,17,8,3,14,1,18,20,19,9,12,11,2,10,5,15,13,6,16,7,5
2015-09-12 15:30:16,1442068216,17,8,4,14,1,18,20,19,9,12,11,2,10,6,15,13,3,16,7,6
2015-09-12 15:34:31,1442068471,17,8,4,13,1,18,20,19,10,9,14,2,11,6,15,12,3,16,7,6
2015-09-12 16:08:25,1442070505,17,9,4,13,1,18,20,19,10,8,15,2,11,6,14,12,3,16,7,6
2015-09-12 16:14:29,1442070869,17,9,6,14,1,18,20,19,10,8,15,2,11,5,12,13,3,16,7,5
2015-09-12 16:23:30,1442071410,17,9,6,14,1,18,20,19,10,8,15,2,11,5,12,13,3,16,7,5
2015-09-12 16:30:00,1442071800,17,8,6,14,1,18,20,19,10,9,15,2,11,5,12,13,3,16,7,5
2015-09-12 16:37:38,1442072258,17,8,6,14,1,18,20,19,10,9,15,2,11,5,12,13,3,16,7,5
2015-09-12 16:40:47,1442072447,17,8,6,14,1,20,19,18,10,9,15,2,11,5,12,13,3,16,7,5
2015-09-12 16:48:44,1442072924,17,8,6,14,1,20,19,18,10,9,15,3,11,5,12,13,2,16,7,5
2015-09-12 17:34:20,1442075660,17,9,7,14,1,20,19,18,10,8,15,4,11,6,12,13,2,16,3,6
2015-09-12 17:55:47,1442076947,17,9,7,14,1,20,19,18,10,8,15,4,11,6,12,13,3,16,2,6
2015-09-12 18:09:49,1442077789,17,9,7,14,1,20,19,18,10,8,15,4,11,6,12,13,3,16,3,6
2015-09-12 18:11:44,1442077904,17,9,7,14,1,20,19,18,10,8,15,4,11,6,12,13,3,16,2,6
2015-09-13 12:30:00,1442143800,15,9,7,14,1,20,18,19,10,8,16,4,11,6,12,13,3,17,2,6
2015-09-13 14:08:47,1442149727,12,9,7,15,1,19,20,18,10,8,16,4,11,6,13,14,3,17,2,6
2015-09-13 15:00:00,1442152800,12,9,7,14,1,19,20,18,10,8,16,5,11,4,13,15,3,17,2,6
2015-09-13 15:38:53,1442155133,13,10,7,8,1,19,20,18,11,9,16,4,12,6,14,15,3,17,2,5
2015-09-13 16:21:08,1442157668,13,10,6,8,1,19,20,18,11,9,16,4,12,7,14,15,3,17,2,5
2015-09-13 16:29:32,1442158172,13,10,7,8,1,19,20,18,11,9,16,4,12,6,14,15,3,17,2,5
2015-09-13 16:39:46,1442158786,12,9,7,14,1,19,20,18,10,8,16,5,11,4,13,15,3,17,2,6
2015-09-13 16:46:54,1442159214,12,9,7,15,1,19,20,18,10,8,16,5,11,2,13,14,4,17,3,6
2015-09-14 19:00:00,1442253600,12,10,7,15,1,19,20,18,8,9,16,5,11,2,13,14,4,17,3,6
2015-09-14 19:08:36,1442254116,12,10,8,15,1,18,20,19,5,9,16,6,11,2,13,14,4,17,3,7
2015-09-14 20:03:39,1442257419,12,10,8,15,1,18,19,20,5,9,16,6,11,2,13,14,4,17,3,7
2015-09-19 11:45:00,1442659500,12,10,8,16,1,18,19,20,5,9,17,6,11,2,13,14,3,15,4,7
2015-09-19 12:55:56,1442663756,13,10,8,16,1,18,19,20,5,9,17,6,12,2,14,15,4,11,3,7
2015-09-19 13:33:49,1442666029,13,11,8,16,1,18,19,20,5,9,17,6,12,2,14,15,4,10,3,7
2015-09-19 15:00:00,1442671200,14,12,8,16,1,18,19,20,5,9,17,7,13,2,10,15,4,11,3,6
2015-09-19 15:03:31,1442671411,15,13,8,17,1,18,20,19,5,9,11,7,14,2,10,16,4,12,3,6
2015-09-19 15:08:02,1442671682,15,13,8,17,1,18,20,19,5,10,10,7,14,2,11,16,4,12,3,6
2015-09-19 15:09:08,1442671748,15,13,8,17,1,18,20,19,5,11,11,7,14,2,9,16,4,12,3,6
2015-09-19 15:12:09,1442671929,15,13,8,17,1,18,20,19,5,11,11,7,14,2,9,16,4,12,3,6
2015-09-19 15:19:32,1442672372,15,13,8,17,1,18,20,19,5,11,11,7,14,2,9,16,4,12,3,6
2015-09-19 15:27:53,1442672873,15,13,8,17,1,18,19,20,5,11,11,7,14,2,9,16,4,12,3,6
2015-09-19 15:38:55,1442673535,16,14,8,18,1,17,19,20,5,12,12,7,15,2,9,10,4,13,3,6
2015-09-19 16:07:08,1442675228,16,14,8,18,1,17,19,20,5,12,12,7,15,2,9,10,4,13,3,6
2015-09-19 16:18:59,1442675939,16,14,8,18,1,17,20,19,5,12,12,7,15,2,9,10,4,13,3,6
2015-09-19 16:24:51,1442676291,16,14,8,17,1,18,20,19,5,12,12,7,15,2,9,10,4,13,3,6
2015-09-19 16:30:00,1442676600,16,14,8,17,1,18,20,19,3,12,12,7,15,2,9,10,5,13,4,6
2015-09-19 16:35:21,1442676921,16,14,8,17,1,18,20,19,2,12,12,7,15,3,9,10,5,13,4,6
2015-09-19 17:00:49,1442678449,16,14,8,17,1,18,20,19,2,12,12,7,15,3,9,10,5,13,4,6
2015-09-19 17:16:13,1442679373,16,14,8,17,1,18,20,19,2,12,12,7,15,3,9,10,5,13,4,6
2015-09-20 12:30:00,1442748600,11,15,8,17,1,18,20,19,2,13,13,5,16,3,9,10,6,14,4,7
2015-09-20 13:53:25,1442753605,9,15,7,17,1,18,20,19,2,13,13,8,16,3,10,11,5,14,4,6
2015-09-20 15:00:00,1442757600,9,13,7,17,1,18,20,19,2,11,15,8,14,3,10,12,5,16,4,6
2015-09-20 15:12:29,1442758349,10,14,7,17,1,18,20,19,2,12,15,8,9,3,11,13,5,16,4,6
2015-09-20 15:33:58,1442759638,9,13,7,17,1,18,20,19,2,11,15,8,14,3,10,12,5,16,4,6
2015-09-20 16:04:02,1442761442,10,6,8,17,1,18,20,19,2,15,14,9,13,3,11,12,5,16,4,7
2015-09-20 16:06:01,1442761561,10,6,8,17,1,18,20,19,3,14,13,9,16,4,11,12,5,15,2,7
2015-09-20 16:17:05,1442762225,9,13,7,17,1,18,20,19,3,11,14,8,16,4,10,12,5,15,2,6
2015-09-20 16:24:12,1442762652,9,13,7,17,1,18,20,19,3,11,14,8,16,4,10,12,5,15,2,6
2015-09-20 16:41:54,1442763714,9,13,7,17,1,18,20,19,3,11,14,8,16,4,10,12,5,15,2,6
2015-09-26 11:45:00,1443264300,5,13,8,17,1,18,20,19,3,11,14,9,16,4,10,12,6,15,2,7
2015-09-26 12:09:27,1443265767,10,13,7,17,1,18,20,19,3,11,14,8,16,4,10,12,5,15,2,6
2015-09-26 12:29:27,1443266967,5,13,8,17,1,18,20,19,3,11,14,9,16,4,10,12,6,15,2,7
2015-09-26 12:50:48,1443268248,5,13,8,17,1,18,20,19,3,11,14,9,16,4,10,12,6,15,2,7
2015-09-26 13:01:36,1443268896,5,13,8,17,1,18,20,19,3,11,14,9,16,4,10,12,6,15,2,7
2015-09-26 13:19:27,1443269967,5,13,8,17,1,18,20,19,3,11,14,9,16,4,10,12,6,15,2,7
2015-09-26 15:00:00,1443276000,5,12,7,17,1,18,19,20,3,11,13,9,15,4,10,14,6,16,2,8
2015-09-26 15:01:06,1443276066,5,7,8,17,1,18,19,20,3,12,13,10,15,4,11,14,6,16,2,9
2015-09-26 15:08:22,1443276502,5,8,9,17,1,18,19,20,4,6,13,11,15,3,12,14,7,16,2,10
2015-09-26 15:10:23,1443276623,5,8,11,17,1,18,19,20,4,6,14,10,12,3,13,15,7,16,2,9
2015-09-26 15:12:12,1443276732,5,7,11,17,1,18,19,20,4,6,14,10,12,2,13,15,8,16,3,9
2015-09-26 15:17:31,1443277051,5,8,11,17,1,18,19,20,4,6,14,10,12,3,13,15,7,16,2,9
2015-09-26 15:31:36,1443277896,5,8,11,18,1,17,19,20,4,6,15,10,12,3,13,14,7,16,2,9
2015-09-26 15:32:53,1443277973,5,8,11,18,1,17,19,20,4,7,15,10,12,6,13,14,3,16,2,9
2015-09-26 15:32:58,1443277978,5,7,10,18,1,17,19,20,3,13,15,9,11,6,12,14,4,16,2,8
2015-09-26 15:48:20,1443278900,5,7,10,18,2,17,20,19,3,13,15,9,11,6,12,14,4,16,1,8
2015-09-26 16:05:35,1443279935,5,7,10,18,2,17,20,19,3,13,15,9,11,6,12,14,4,16,1,8
2015-09-26 16:11:26,1443280286,5,7,11,18,2,17,20,19,3,13,15,10,9,6,12,14,4,16,1,8
2015-09-26 16:14:05,1443280445,5,7,11,18,2,17,20,19,3,13,15,10,9,6,12,14,4,16,1,8
2015-09-26 16:14:08,1443280448,5,7,11,18,2,17,20,19,3,13,15,10,9,6,12,14,4,16,1,8
2015-09-26 16:18:29,1443280709,5,7,13,18,2,17,20,19,3,12,15,10,9,6,11,14,4,16,1,8
2015-09-26 16:21:18,1443280878,5,7,13,18,2,17,20,19,3,12,15,10,9,6,11,14,4,16,1,8
2015-09-26 16:22:28,1443280948,5,7,13,18,2,17,20,19,3,12,15,10,9,6,11,14,4,16,1,8
2015-09-26 16:26:08,1443281168,5,7,13,18,2,17,20,19,3,12,15,10,9,6,11,14,4,16,1,8
2015-09-26 16:30:00,1443281400,5,7,13,18,2,17,20,19,3,12,16,10,9,6,11,14,4,15,1,8
2015-09-26 16:37:23,1443281843,5,7,13,18,2,17,20,19,3,12,16,10,9,6,11,14,4,15,1,8
2015-09-26 16:39:23,1443281963,5,8,13,18,2,17,20,19,4,7,16,11,10,6,12,14,3,15,1,9
2015-09-26 16:39:50,1443281990,5,8,13,17,2,18,20,19,4,7,14,11,10,6,12,15,3,16,1,9
2015-09-26 16:41:03,1443282063,5,8,12,17,2,18,20,19,4,7,14,11,10,6,13,15,3,16,1,9
2015-09-26 16:45:23,1443282323,5,8,12,17,2,18,20,19,4,7,14,11,10,6,13,15,3,16,1,9
2015-09-26 16:47:01,1443282421,5,8,12,18,2,17,20,19,4,7,16,11,10,6,13,14,3,15,1,9
2015-09-26 16:49:05,1443282545,5,7,11,18,2,17,20,19,3,13,16,10,9,6,12,14,4,15,1,8
2015-09-26 16:49:24,1443282564,5,7,11,18,2,17,20,19,3,13,16,10,9,6,12,14,4,15,1,8
2015-09-26 16:49:51,1443282591,5,7,11,18,2,17,20,19,3,13,16,10,9,6,12,14,4,15,1,8
2015-09-26 17:11:38,1443283898,5,7,11,19,2,17,20,18,3,13,15,10,9,6,12,14,4,16,1,8
2015-09-26 17:46:46,1443286006,5,7,11,19,2,17,20,18,3,13,15,10,9,6,12,14,4,16,1,8
2015-09-26 18:05:45,1443287145,5,7,11,19,2,17,20,18,3,13,15,10,9,6,12,14,4,16,1,8
2015-09-26 18:13:17,1443287597,5,7,11,18,2,17,20,19,3,13,16,10,9,6,12,14,4,15,1,8
2015-09-27 15:00:00,1443362400,5,7,12,18,2,17,20,19,3,13,16,8,11,6,9,14,4,15,1,10
2015-09-27 16:27:06,1443367626,5,8,11,18,2,17,20,19,3,12,16,6,10,7,13,14,4,15,1,9
2015-09-28 19:00:00,1443463200,5,8,11,18,2,17,20,19,3,12,16,6,10,7,13,14,4,15,1,9
2015-09-28 19:40:29,1443465629,5,9,12,18,2,17,20,19,3,13,16,6,11,7,14,8,4,15,1,10
2015-09-28 20:10:44,1443467444,5,9,12,18,2,17,20,19,3,13,16,6,10,7,14,8,4,15,1,11
2015-09-28 20:12:08,1443467528,5,9,12,18,2,17,20,19,3,13,16,6,11,7,14,8,4,15,1,10
2015-09-28 20:31:46,1443468706,5,8,11,18,2,17,20,19,3,12,16,6,10,7,13,14,4,15,1,9
2015-09-28 20:40:24,1443469224,6,9,11,18,2,17,20,19,3,12,16,7,10,8,13,15,4,14,1,5
2015-10-03 11:45:00,1443869100,7,9,11,18,2,17,20,19,3,12,16,5,10,8,13,14,4,15,1,6
2015-10-03 13:09:33,1443874173,7,9,11,18,2,17,20,19,4,12,16,3,10,8,13,15,5,14,1,6
2015-10-03 13:30:16,1443875416,7,9,11,18,2,17,20,19,4,12,16,3,10,8,13,15,5,14,1,6
2015-10-03 15:00:00,1443880800,8,9,13,18,1,17,20,19,4,10,14,3,12,6,11,16,5,15,2,7
2015-10-03 15:09:44,1443881384,8,9,13,18,1,17,19,20,4,10,14,3,12,6,11,16,5,15,2,7
2015-10-03 15:17:01,1443881821,8,9,13,19,2,17,20,18,4,10,14,3,12,6,11,16,5,15,1,7
2015-10-03 15:21:49,1443882109,8,9,13,19,2,17,20,18,4,10,14,3,12,6,11,16,5,15,1,7
2015-10-03 15:27:12,1443882432,8,9,12,19,2,17,20,18,5,13,14,3,11,4,10,16,6,15,1,7
2015-10-03 15:27:53,1443882473,8,9,12,19,2,17,20,18,5,13,10,3,11,4,14,16,6,15,1,7
2015-10-03 15:41:17,1443883277,8,9,12,18,1,17,19,20,5,13,10,3,11,4,14,16,6,15,2,7
2015-10-03 15:44:46,1443883486,8,9,12,18,1,17,19,20,5,13,14,3,11,4,10,16,6,15,2,7
2015-10-03 15:45:39,1443883539,8,9,12,18,1,17,19,20,5,13,14,3,11,4,10,16,6,15,2,7
2015-10-03 16:04:35,1443884675,8,9,12,18,1,17,19,20,5,13,14,3,11,4,10,16,6,15,2,7
2015-10-03 16:06:48,1443884808,8,9,12,18,1,17,19,20,5,13,14,3,11,4,10,16,6,15,2,7
2015-10-03 16:08:01,1443884881,8,9,12,18,1,17,19,20,5,13,14,3,11,4,10,16,6,15,2,7
2015-10-03 16:10:25,1443885025,8,9,12,19,1,13,18,20,5,14,15,3,11,4,10,17,6,16,2,7
2015-10-03 16:11:06,1443885066,8,9,12,19,1,13,18,20,5,14,15,3,11,4,10,17,6,16,2,7
2015-10-03 16:17:12,1443885432,8,9,12,19,1,13,18,20,5,14,15,3,11,4,10,17,6,16,2,7
2015-10-03 16:17:55,1443885475,8,9,12,18,1,13,19,20,5,14,15,3,11,4,10,17,6,16,2,7
2015-10-03 16:19:51,1443885591,8,9,12,18,1,13,19,20,5,14,15,3,11,4,10,17,6,16,2,7
2015-10-03 16:25:37,1443885937,8,9,12,18,1,14,19,20,5,13,15,3,11,4,10,17,6,16,2,7
2015-10-03 16:30:00,1443886200,8,9,12,18,1,14,19,20,5,13,16,3,10,4,11,17,6,15,2,7
2015-10-03 16:39:31,1443886771,8,10,13,18,1,15,19,20,5,14,16,3,12,4,11,17,6,9,2,7
2015-10-03 17:13:00,1443888780,8,9,12,18,1,14,19,20,5,13,16,3,10,4,11,17,6,15,2,7
2015-10-03 17:47:07,1443890827,8,10,12,18,1,14,19,20,5,13,15,3,9,4,11,17,6,16,2,7
2015-10-03 17:59:28,1443891568,8,10,12,18,1,14,19,20,5,13,15,3,9,4,11,17,6,16,2,7
2015-10-04 12:30:00,1443958200,8,10,12,18,1,14,19,20,5,13,15,3,9,4,11,17,7,16,2,6
2015-10-04 13:10:59,1443960659,8,6,12,18,1,14,19,20,5,13,15,3,9,4,11,17,7,16,2,10
2015-10-04 13:15:59,1443960959,8,10,12,18,1,14,19,20,5,13,15,3,9,4,11,17,7,16,2,6
2015-10-04 15:00:00,1443967200,8,10,11,18,1,14,19,20,5,13,15,3,9,4,12,17,6,16,2,7
2015-10-04 15:05:12,1443967512,8,10,11,18,1,14,19,20,6,13,15,4,9,5,12,17,3,16,2,7
2015-10-04 15:06:26,1443967586,8,10,11,18,1,14,19,20,6,13,15,4,9,5,12,17,3,16,3,7
2015-10-04 15:15:19,1443968119,9,11,10,18,1,14,19,20,6,13,15,4,8,5,12,17,3,16,3,7
2015-10-04 15:19:00,1443968340,9,11,10,18,1,14,19,20,6,13,15,4,8,5,12,17,2,16,3,7
2015-10-04 15:26:41,1443968801,8,10,11,18,1,14,19,20,6,13,15,4,9,5,12,17,2,16,3,7
2015-10-04 15:30:51,1443969051,9,11,10,18,1,14,19,20,6,13,15,4,8,5,12,17,2,16,3,7
2015-10-04 16:21:26,1443972086,8,10,11,18,1,14,19,20,6,13,15,4,9,5,12,17,2,16,3,7
2015-10-17 11:45:00,1445078700,7,9,11,18,1,14,19,20,6,13,15,4,10,5,12,17,2,16,3,8
2015-10-17 15:00:00,1445090400,8,10,11,18,1,15,19,20,6,13,14,4,9,5,12,17,3,16,2,7
2015-10-17 15:06:48,1445090808,8,10,11,18,1,14,19,20,6,13,17,4,9,5,12,16,3,15,2,7
2015-10-17 15:10:23,1445091023,8,10,11,18,1,14,19,20,6,13,17,4,9,5,12,16,3,15,2,7
2015-10-17 15:17:42,1445091462,7,10,11,18,1,14,19,20,6,13,17,4,8,5,12,16,3,15,2,9
2015-10-17 15:20:22,1445091622,8,10,11,18,1,14,19,20,5,13,17,4,6,7,12,16,3,15,2,9
2015-10-17 15:21:17,1445091677,8,10,11,18,1,14,19,20,5,13,17,4,6,7,12,16,3,15,2,9
2015-10-17 15:21:44,1445091704,8,10,11,18,1,14,19,20,5,13,17,4,6,7,12,16,3,15,2,9
2015-10-17 15:21:58,1445091718,8,10,11,18,1,14,19,20,3,13,17,6,5,7,12,16,4,15,2,9
2015-10-17 15:24:44,1445091884,8,10,11,18,1,14,19,20,5,13,17,4,6,7,12,16,3,15,2,9
2015-10-17 15:28:15,1445092095,8,10,11,18,1,14,19,20,5,13,17,4,6,7,12,16,3,15,2,9
2015-10-17 15:33:23,1445092403,8,10,12,18,1,15,19,20,5,14,17,4,6,7,13,16,3,11,2,9
2015-10-17 15:36:08,1445092568,8,10,12,18,1,15,19,20,5,14,17,4,6,7,13,16,3,11,2,9
2015-10-17 15:47:09,1445093229,8,10,12,18,1,15,19,20,5,14,17,4,6,7,13,16,3,11,2,9
2015-10-17 16:09:17,1445094557,8,10,12,18,1,15,19,20,5,14,17,4,6,7,13,16,3,11,2,9
2015-10-17 16:09:34,1445094574,8,10,13,18,1,16,19,20,5,15,17,4,6,7,14,12,3,11,2,9
2015-10-17 16:17:15,1445095035,8,10,13,18,1,16,19,20,5,15,17,4,6,7,14,12,3,11,2,9
2015-10-17 16:24:45,1445095485,8,10,13,18,1,16,19,20,5,15,17,4,6,7,14,12,3,11,2,9
2015-10-17 16:30:00,1445095800,8,10,14,18,1,16,19,20,5,15,17,4,6,7,11,13,3,12,2,9
2015-10-17 16:44:20,1445096660,8,10,14,18,1,16,19,20,3,15,17,6,5,7,11,13,4,12,2,9
2015-10-17 16:47:00,1445096820,8,10,14,18,1,16,19,20,3,15,17,6,5,7,11,13,4,12,2,9
2015-10-17 16:49:59,1445096999,7,10,14,18,1,16,19,20,3,15,17,6,8,5,11,13,4,12,2,9
2015-10-17 16:50:34,1445097034,7,10,14,18,1,16,19,20,3,15,17,6,8,5,11,13,4,12,2,9
2015-10-17 17:48:21,1445100501,7,10,13,18,1,16,19,20,4,15,17,6,8,5,14,12,3,11,2,9
2015-10-17 17:53:31,1445100811,7,10,13,18,1,16,19,20,4,15,17,6,8,5,14,12,2,11,3,9
2015-10-17 17:59:40,1445101180,7,10,13,18,1,16,19,20,4,15,17,6,8,5,14,12,2,11,3,9
2015-10-18 15:00:00,1445176800,7,10,13,18,1,16,20,19,4,14,17,6,8,5,15,12,2,11,3,9
2015-10-18 15:13:51,1445177631,7,10,13,19,1,15,20,18,4,16,17,6,8,5,14,12,2,11,3,9
2015-10-18 15:19:53,1445177993,7,10,13,18,1,16,20,19,4,14,17,6,8,5,15,12,2,11,3,9
2015-10-18 15:25:11,1445178311,7,10,13,19,1,15,20,18,4,16,17,6,8,5,14,12,2,11,3,9
2015-10-18 15:32:07,1445178727,7,10,13,19,1,15,20,18,4,16,17,6,8,5,14,12,2,11,3,9
2015-10-18 15:33:54,1445178834,7,10,13,19,1,15,20,18,4,16,17,6,8,5,14,12,2,11,3,9
2015-10-18 16:21:31,1445181691,7,10,13,19,1,15,20,18,4,16,17,6,8,5,14,12,2,11,3,9
2015-10-18 16:23:33,1445181813,7,10,13,19,1,15,20,18,4,16,17,6,8,5,14,12,2,11,3,9
2015-10-18 16:42:51,1445182971,7,10,13,19,1,15,20,18,4,16,17,6,8,5,14,12,2,11,3,9
2015-10-19 19:00:00,1445277600,7,10,11,19,1,14,20,18,4,16,17,6,8,5,15,13,2,12,3,9
2015-10-19 19:03:26,1445277806,7,10,14,19,1,11,20,18,4,16,17,6,8,5,15,13,2,12,3,9
2015-10-24 15:00:00,1445695200,7,11,14,19,1,10,20,18,4,16,17,6,8,5,15,13,2,12,3,9
2015-10-24 15:16:33,1445696193,7,11,13,19,1,10,20,18,2,16,17,6,8,5,15,12,3,14,4,9
2015-10-24 15:42:01,1445697721,7,10,14,19,1,12,20,18,2,16,17,6,8,5,11,13,3,15,4,9
2015-10-24 16:02:01,1445698921,7,11,14,19,1,13,20,18,2,16,17,6,9,5,12,8,3,15,4,10
2015-10-24 16:12:56,1445699576,7,11,15,19,1,13,20,18,4,16,17,6,9,5,12,8,2,14,3,10
2015-10-24 16:14:06,1445699646,7,11,15,19,1,13,20,18,5,16,17,6,9,4,12,8,2,14,3,10
2015-10-24 16:17:50,1445699870,7,11,15,18,1,13,20,19,5,16,17,6,9,4,12,8,2,14,3,10
2015-10-24 16:23:22,1445700202,7,11,15,19,1,13,20,18,5,16,17,6,9,4,12,8,2,14,3,10
2015-10-24 16:24:59,1445700299,7,12,15,19,1,14,20,18,5,16,17,6,9,4,12,8,2,13,3,10
2015-10-24 16:30:00,1445700600,7,12,15,19,1,14,20,18,5,16,17,6,10,4,12,9,2,13,3,8
2015-10-24 16:35:46,1445700946,7,12,14,19,1,13,20,18,2,16,17,6,10,5,12,9,3,15,4,8
2015-10-24 16:42:07,1445701327,7,13,11,19,1,14,20,18,2,16,17,6,10,5,13,9,3,15,4,8
2015-10-24 17:05:36,1445702736,7,13,11,19,2,14,20,18,3,16,17,6,9,5,13,8,1,15,4,11
2015-10-24 17:07:25,1445702845,7,13,10,19,2,14,20,18,3,16,17,6,9,5,13,8,1,15,4,11
2015-10-24 17:13:12,1445703192,7,13,11,19,2,14,20,18,3,16,17,6,9,5,13,8,1,15,4,10
2015-10-25 12:00:00,1445774400,7,13,11,19,2,14,20,18,3,16,17,6,9,5,13,8,1,15,4,10
2015-10-25 12:47:16,1445777236,7,13,11,20,2,14,19,18,3,16,17,6,9,5,13,8,1,15,4,10
2015-10-25 13:22:54,1445779374,7,13,11,20,2,14,19,18,3,16,17,6,9,5,13,8,1,15,4,10
2015-10-25 13:44:06,1445780646,7,13,11,20,2,14,18,19,3,16,17,6,9,5,13,8,1,15,4,10
2015-10-25 14:05:00,1445781900,6,13,11,20,1,14,18,19,3,17,16,7,9,5,13,8,2,15,4,10
2015-10-25 14:05:49,1445781949,7,13,11,20,1,14,18,19,3,17,16,6,9,5,13,8,2,15,4,10
2015-10-25 14:13:28,1445782408,6,13,11,20,1,14,18,19,3,17,16,7,9,5,13,8,2,15,4,10
2015-10-25 14:21:38,1445782898,6,13,11,20,1,14,18,19,3,16,17,7,9,5,13,8,2,15,4,10
2015-10-25 14:34:00,1445783640,6,13,11,20,1,14,18,19,3,16,17,7,9,5,13,8,2,15,4,10
2015-10-25 15:18:09,1445786289,6,13,11,20,1,14,18,19,3,16,17,7,9,5,13,8,2,15,4,10
2015-10-25 15:25:21,1445786721,6,13,11,20,1,14,18,19,3,16,17,7,9,5,13,8,2,15,4,10
2015-10-25 16:15:00,1445789700,6,9,12,20,1,14,18,19,3,16,17,7,8,5,13,10,2,15,4,11
2015-10-25 17:47:49,1445795269,6,7,12,20,1,14,18,19,3,16,17,8,10,5,13,9,2,15,4,11
2015-10-25 17:56:43,1445795803,6,9,12,20,1,14,18,19,3,16,17,7,8,5,13,10,2,15,4,11
2015-10-31 12:45:00,1446295500,6,8,12,20,1,14,18,19,3,16,17,7,9,5,13,10,2,15,4,11
2015-10-31 12:48:22,1446295702,6,10,13,20,1,15,18,19,3,16,17,7,8,5,14,11,2,9,4,12
2015-10-31 13:32:24,1446298344,6,8,12,20,1,14,18,19,3,16,17,7,9,5,13,10,2,15,4,11
2015-10-31 14:17:21,1446301041,6,7,12,20,1,14,18,19,3,16,17,8,9,5,13,10,2,15,4,11
2015-10-31 14:25:52,1446301552,6,7,12,20,1,14,18,19,3,16,17,8,9,5,13,10,2,15,4,11
2015-10-31 15:00:00,1446303600,6,7,11,20,1,14,19,18,3,16,17,8,10,5,12,9,2,15,4,13
2015-10-31 15:29:13,1446305353,6,7,11,20,1,14,19,18,3,16,17,9,10,5,12,8,2,15,4,13
2015-10-31 15:38:06,1446305886,6,7,12,20,1,14,19,18,4,16,17,9,11,5,10,8,2,15,3,13
2015-10-31 16:03:12,1446307392,6,7,12,20,1,14,19,18,4,16,17,9,11,5,10,8,2,15,3,13
2015-10-31 16:06:16,1446307576,6,7,13,20,2,14,19,18,4,16,17,9,11,5,10,8,1,15,3,12
2015-10-31 16:12:39,1446307959,6,7,13,20,2,14,19,18,4,16,17,8,11,5,9,10,1,15,3,12
2015-10-31 16:19:57,1446308397,6,7,13,20,2,14,19,18,5,16,17,8,10,3,9,11,1,15,4,12
2015-10-31 16:22:27,1446308547,6,7,13,20,1,14,19,18,5,16,17,8,10,3,9,11,2,15,4,12
2015-10-31 16:25:45,1446308745,6,7,13,20,1,14,19,18,5,16,17,8,10,3,9,11,2,15,4,12
2015-10-31 16:30:56,1446309056,6,7,13,20,1,14,19,18,5,16,17,8,10,3,9,11,2,15,4,12
2015-10-31 16:32:30,1446309150,6,7,13,20,1,14,19,18,5,16,17,8,10,3,9,11,2,15,4,12
2015-10-31 16:38:51,1446309531,6,7,13,20,2,14,19,18,5,16,17,8,10,3,9,11,1,15,4,12
2015-10-31 16:39:41,1446309581,6,7,13,20,2,14,19,18,5,16,17,8,10,3,9,11,1,15,4,12
2015-10-31 16:44:15,1446309855,6,7,13,20,1,14,19,18,5,16,17,8,10,3,9,11,2,15,4,12
2015-11-01 13:30:00,1446384600,6,7,13,20,1,14,18,19,5,16,17,8,10,3,9,12,2,15,4,11
2015-11-01 13:48:14,1446385694,6,7,13,20,1,14,19,18,5,16,17,9,11,3,10,12,2,15,4,8
2015-11-01 14:00:29,1446386429,6,7,13,20,1,14,19,18,5,16,17,9,11,3,10,12,2,15,4,8
2015-11-01 14:18:02,1446387482,6,7,13,20,1,14,19,18,5,16,17,9,11,3,10,12,2,15,4,8
2015-11-01 14:38:47,1446388727,6,7,13,20,1,14,18,19,5,16,17,8,10,3,9,12,2,15,4,11
2015-11-01 14:43:37,1446389017,6,7,13,20,1,14,19,18,5,16,17,9,11,3,10,12,2,15,4,8
2015-11-01 14:48:44,1446389324,6,7,13,20,1,14,19,18,5,16,17,9,11,3,10,12,2,15,4,8
2015-11-01 14:51:00,1446389460,6,7,13,20,1,14,19,18,5,16,17,9,11,3,10,12,2,15,4,8
2015-11-01 15:04:46,1446390286,6,7,13,20,1,14,19,18,5,16,17,9,11,3,10,12,2,15,4,8
2015-11-01 16:00:00,1446393600,6,7,13,20,1,14,19,18,5,16,17,9,11,3,10,12,2,15,4,8
2015-11-01 16:30:50,1446395450,6,8,13,20,1,14,19,18,5,16,17,10,7,3,11,12,2,15,4,9
2015-11-01 16:35:03,1446395703,6,8,13,20,1,14,19,18,5,16,17,10,7,3,11,12,2,15,4,9
2015-11-02 20:00:00,1446494400,6,8,13,20,1,14,19,18,5,16,17,10,7,3,11,12,2,15,4,9
2015-11-02 20:02:20,1446494540,5,8,13,20,1,14,19,18,6,16,17,10,7,3,11,12,2,15,4,9
2015-11-02 20:45:19,1446497119,5,8,13,20,1,14,19,18,6,16,17,10,7,3,11,12,2,15,4,9
2015-11-02 21:36:54,1446500214,5,8,13,20,1,14,19,18,6,16,17,10,7,3,11,12,2,15,4,9
2015-11-02 21:50:41,1446501041,5,8,13,20,1,14,19,18,6,16,17,10,7,3,11,12,2,15,4,9
2015-11-07 12:45:00,1446900300,5,8,13,20,1,14,19,18,6,16,17,10,7,3,11,12,2,15,4,9
2015-11-07 13:11:30,1446901890,5,8,13,20,1,14,19,16,6,17,18,10,7,3,11,12,2,15,4,9
2015-11-07 15:00:00,1446908400,6,9,13,20,1,14,19,17,5,16,18,11,7,3,10,12,2,15,4,8
2015-11-07 15:29:40,1446910180,6,8,13,20,1,14,19,17,3,16,18,11,7,4,9,12,2,15,5,10
2015-11-07 15:42:54,1446910974,6,9,13,20,1,14,19,17,5,16,18,11,7,3,10,12,2,15,4,8
2015-11-07 16:07:53,1446912473,6,9,13,20,1,14,19,17,5,16,18,10,7,3,11,12,2,15,4,8
2015-11-07 16:09:04,1446912544,6,9,12,20,1,14,19,17,5,16,18,10,7,3,11,13,2,15,4,8
2015-11-07 16:21:03,1446913263,6,9,12,20,1,14,19,17,5,16,18,10,7,3,11,13,2,15,4,8
2015-11-07 16:24:00,1446913440,6,9,12,20,1,14,19,17,5,16,18,10,7,3,11,13,2,15,4,8
2015-11-07 16:25:59,1446913559,6,9,14,20,1,13,19,17,5,15,18,10,7,3,11,12,2,16,4,8
2015-11-07 16:31:00,1446913860,6,9,14,20,1,13,19,17,5,15,18,10,7,3,11,12,2,16,4,8
2015-11-07 16:48:29,1446914909,6,9,14,20,1,13,19,17,5,15,18,10,7,3,11,12,2,16,4,8
2015-11-07 17:30:00,1446917400,6,9,14,20,1,12,19,17,5,16,18,10,7,3,11,13,2,15,4,8
2015-11-07 18:42:14,1446921734,6,9,14,20,1,12,19,17,5,15,18,10,7,3,11,13,2,16,4,8
2015-11-08 13:30:00,1446989400,6,9,14,20,1,12,19,17,5,15,18,10,7,3,11,13,2,16,4,8
2015-11-08 16:00:00,1446998400,5,8,14,20,1,12,19,17,6,15,18,10,7,3,11,13,2,16,4,9
2015-11-08 16:20:03,1446999603,5,10,14,20,1,12,19,17,6,15,18,8,7,3,11,13,2,16,4,9
2015-11-08 16:31:47,1447000307,5,10,14,20,1,12,19,17,6,15,18,8,7,3,11,13,2,16,4,9
2015-11-08 16:41:26,1447000886,5,8,14,20,1,12,19,17,6,15,18,10,7,3,11,13,2,16,4,9
2015-11-08 17:32:09,1447003929,5,8,14,20,1,12,19,17,6,15,18,10,7,3,11,13,2,16,4,9
2015-11-08 17:39:54,1447004394,5,10,14,20,1,12,19,17,6,15,18,8,7,3,11,13,2,16,4,9
2015-11-21 12:45:00,1448109900,5,10,14,20,1,12,19,17,6,15,18,8,7,4,11,13,2,16,3,9
2015-11-21 12:55:43,1448110543,5,10,14,20,2,12,19,17,6,15,18,8,7,4,11,13,3,16,1,9
2015-11-21 14:27:20,1448116040,5,10,14,20,1,12,19,17,6,15,18,8,7,4,11,13,2,16,3,9
2015-11-21 14:31:00,1448116260,5,10,14,20,2,12,19,17,6,15,18,8,7,4,11,13,3,16,1,9
2015-11-21 15:00:00,1448118000,5,10,14,19,3,11,20,17,6,15,18,8,7,4,12,13,1,16,2,9
2015-11-21 15:09:20,1448118560,5,11,14,19,3,9,20,17,6,15,18,8,7,4,12,13,1,16,2,10
2015-11-21 15:09:48,1448118588,5,11,14,19,3,9,20,17,6,15,18,8,7,4,12,13,1,16,2,10
2015-11-21 15:16:23,1448118983,5,11,14,20,3,10,19,17,6,15,18,9,8,4,12,13,1,16,2,7
2015-11-21 15:25:39,1448119539,5,11,14,20,3,10,19,17,6,15,18,9,8,4,12,13,1,16,2,7
2015-11-21 15:27:06,1448119626,5,11,14,20,3,10,19,17,6,15,18,9,8,4,12,13,1,16,2,7
2015-11-21 15:27:11,1448119631,5,11,14,20,3,10,19,17,6,15,18,9,8,4,12,13,1,16,2,7
2015-11-21 15:27:30,1448119650,5,11,14,20,3,10,19,17,6,15,18,9,8,4,12,13,1,16,2,7
2015-11-21 15:34:42,1448120082,5,11,14,20,3,10,19,17,6,15,18,9,8,4,12,13,1,16,2,7
2015-11-21 15:38:17,1448120297,5,11,14,20,3,10,19,17,6,15,18,9,8,4,12,13,1,16,2,7
2015-11-21 15:39:51,1448120391,5,11,14,20,2,10,19,17,6,15,18,9,8,4,13,12,3,16,1,7
2015-11-21 15:41:34,1448120494,5,11,14,20,2,10,19,17,6,15,18,9,8,4,13,12,3,16,1,7
2015-11-21 15:45:51,1448120751,5,11,14,20,3,10,19,17,6,15,18,9,8,1,13,12,4,16,2,7
2015-11-21 16:14:27,1448122467,5,11,14,20,3,10,19,17,6,15,18,9,8,1,13,12,4,16,2,7
2015-11-21 16:18:59,1448122739,5,11,14,20,3,10,19,17,6,15,18,9,8,1,13,12,4,16,2,7
2015-11-21 16:19:12,1448122752,5,11,14,20,3,10,19,17,6,16,18,9,8,1,13,12,4,15,2,7
2015-11-21 16:40:24,1448124024,5,11,14,20,3,10,19,17,6,16,18,9,8,1,13,12,4,15,2,7
2015-11-21 17:30:00,1448127000,5,11,14,20,2,10,19,17,6,16,18,9,8,1,13,12,4,15,3,7
2015-11-21 17:36:54,1448127414,5,9,14,20,3,11,19,17,6,16,18,10,8,1,13,12,4,15,2,7
2015-11-21 17:52:29,1448128349,5,9,14,20,3,11,19,17,6,16,18,10,8,1,13,12,4,15,2,7
2015-11-21 18:01:40,1448128900,5,9,14,20,3,11,19,17,6,16,18,10,8,1,13,12,4,15,2,7
2015-11-21 18:13:08,1448129588,5,9,14,20,3,11,19,17,6,16,18,10,8,1,13,12,4,15,2,7
2015-11-21 19:07:40,1448132860,5,9,14,20,3,11,19,17,6,16,18,10,8,1,13,12,4,15,2,7
2015-11-22 16:00:00,1448208000,5,9,14,20,3,11,19,17,6,16,18,10,8,1,13,12,4,15,2,7
2015-11-22 16:22:24,1448209344,5,9,14,20,3,11,19,17,6,16,18,10,8,1,13,12,4,15,2,7
2015-11-22 16:32:56,1448209976,5,9,14,20,3,11,19,17,6,16,18,10,8,1,13,12,4,15,2,7
2015-11-22 17:05:44,1448211944,5,9,14,20,3,11,19,17,6,16,18,10,8,1,13,12,4,15,2,7
2015-11-22 17:39:11,1448213951,5,9,14,20,3,11,19,17,6,16,18,10,8,1,13,12,4,15,2,7
2015-11-22 17:42:26,1448214146,5,9,14,20,3,11,19,17,6,16,18,10,8,1,13,12,4,15,2,7
2015-11-23 20:00:00,1448308800,5,9,14,20,3,11,19,17,6,16,18,10,8,1,13,12,4,15,2,7
2015-11-23 21:37:13,1448314633,5,9,14,20,3,11,18,17,6,16,19,10,8,1,13,12,4,15,2,7
2015-11-28 15:00:00,1448722800,5,9,14,20,2,11,18,17,8,16,19,10,7,1,12,13,4,15,3,6
2015-11-28 15:08:13,1448723293,5,9,14,20,1,11,18,17,7,16,19,10,8,2,12,13,4,15,3,6
2015-11-28 15:09:03,1448723343,5,9,14,20,1,10,18,16,7,17,19,11,8,2,12,13,4,15,3,6
2015-11-28 15:13:05,1448723585,5,9,14,20,1,11,18,17,7,16,19,10,8,2,12,13,4,15,3,6
2015-11-28 15:16:21,1448723781,5,10,14,20,1,11,17,19,8,16,19,6,9,2,12,13,4,15,3,7
2015-11-28 15:16:42,1448723802,5,10,14,20,1,11,17,19,8,16,19,6,9,2,12,13,4,15,3,7
2015-11-28 15:19:33,1448723973,5,10,14,20,1,11,17,19,8,16,19,6,9,2,12,13,4,15,3,7
2015-11-28 15:24:42,1448724282,5,10,14,20,1,11,17,18,8,16,19,7,9,2,12,13,4,15,3,6
2015-11-28 15:35:15,1448724915,5,10,14,20,1,11,17,18,8,16,19,7,9,2,12,13,4,15,3,6
2015-11-28 15:40:12,1448725212,5,10,14,20,1,11,17,18,8,16,19,7,9,2,12,13,4,15,3,6
2015-11-28 15:40:16,1448725216,5,10,14,20,1,11,17,18,8,16,19,7,9,2,12,13,4,15,3,6
2015-11-28 16:03:42,1448726622,5,10,14,20,1,11,17,18,8,16,19,7,9,2,12,13,4,15,3,6
2015-11-28 16:07:36,1448726856,5,10,14,20,1,11,17,18,8,16,19,7,9,2,12,13,4,15,3,6
2015-11-28 16:24:51,1448727891,5,10,14,20,1,11,17,18,8,16,19,7,9,2,12,13,4,15,3,6
2015-11-28 16:27:40,1448728060,5,10,14,20,1,11,17,18,8,16,19,7,9,2,12,13,4,15,3,6
2015-11-28 16:37:26,1448728646,5,10,14,20,1,11,17,18,8,16,19,7,9,2,12,13,4,15,3,6
2015-11-28 16:38:59,1448728739,5,10,14,20,1,12,17,18,8,16,19,7,9,2,11,13,4,15,3,6
2015-11-28 16:40:25,1448728825,5,10,14,20,1,12,17,18,8,16,19,7,9,2,11,13,4,15,3,6
2015-11-28 16:41:37,1448728897,5,10,14,20,1,12,17,18,8,16,19,7,9,2,11,13,4,15,3,6
2015-11-28 16:44:26,1448729066,5,10,14,20,1,12,17,19,8,16,18,6,9,2,11,13,4,15,3,7
2015-11-28 16:44:58,1448729098,5,10,14,20,1,12,17,19,8,16,18,6,9,2,11,13,4,15,3,7
2015-11-28 16:50:00,1448729400,5,10,14,20,1,12,17,19,8,16,18,6,9,2,11,13,4,15,3,7
2015-11-28 16:52:58,1448729578,5,10,14,20,1,12,17,18,8,16,19,7,9,2,11,13,4,15,3,6
2015-11-28 16:55:26,1448729726,5,10,14,20,1,12,17,19,8,16,18,6,9,2,11,13,4,15,3,7
2015-11-28 17:30:00,1448731800,5,10,14,20,1,12,17,19,8,16,18,6,9,2,11,13,4,15,3,7
2015-11-28 17:53:27,1448733207,5,10,14,20,2,12,17,19,8,16,18,6,9,1,11,13,4,15,3,7
2015-11-28 18:15:02,1448734502,5,10,14,20,1,12,17,19,8,16,18,6,9,2,11,13,4,15,3,7
2015-11-29 12:00:00,1448798400,5,10,15,20,1,12,17,19,8,16,18,6,9,2,11,13,4,14,3,7
2015-11-29 14:05:00,1448805900,5,10,15,20,1,12,17,19,7,16,18,6,9,2,11,13,4,14,3,8
2015-11-29 14:21:40,1448806900,5,10,15,20,1,12,17,19,6,16,18,7,9,2,11,13,4,14,3,8
2015-11-29 15:11:04,1448809864,5,10,15,20,1,12,17,19,7,16,18,6,9,2,11,13,4,14,3,8
2015-11-29 16:15:00,1448813700,5,9,14,20,1,12,17,19,7,16,18,6,10,2,11,13,4,15,3,8
2015-11-29 16:44:12,1448815452,5,9,14,20,1,12,17,19,7,16,18,6,10,3,11,13,2,15,4,8
2015-11-29 16:57:20,1448816240,5,9,14,20,1,12,17,19,7,16,18,6,10,2,11,13,4,15,3,8
2015-11-29 17:33:05,1448818385,5,6,15,20,1,12,17,19,8,16,18,7,10,2,11,13,4,14,3,9
2015-12-05 12:45:00,1449319500,5,6,15,20,1,11,17,19,8,16,18,7,10,2,12,13,4,14,3,9
2015-12-05 12:51:07,1449319867,5,6,15,20,1,9,17,19,8,16,18,7,11,2,12,13,4,14,3,10
2015-12-05 12:59:34,1449320374,5,6,15,20,1,9,17,19,8,16,18,7,11,2,12,13,4,14,3,10
2015-12-05 15:00:00,1449327600,5,7,14,20,2,9,17,19,6,16,18,8,11,1,12,13,4,15,3,10
2015-12-05 15:04:40,1449327880,5,7,15,20,2,9,17,19,6,16,18,8,11,1,12,13,4,14,3,10
2015-12-05 15:14:29,1449328469,4,7,15,20,2,9,17,19,6,16,18,8,11,1,12,13,5,14,3,10
2015-12-05 15:21:50,1449328910,4,7,15,20,2,9,17,19,6,16,18,8,11,1,12,13,5,14,3,10
2015-12-05 15:29:56,1449329396,4,7,15,20,2,10,17,19,6,16,18,8,12,1,9,13,5,14,3,11
2015-12-05 15:32:56,1449329576,5,7,15,20,3,10,17,19,6,16,18,8,12,1,9,13,2,14,4,11
2015-12-05 15:38:09,1449329889,5,7,15,20,3,10,17,19,6,16,18,8,12,1,9,13,2,14,4,11
2015-12-05 15:43:38,1449330218,5,7,15,20,3,10,17,19,6,16,18,8,12,1,9,13,2,14,4,11
2015-12-05 15:44:54,1449330294,5,7,15,20,2,10,17,19,6,16,18,8,12,1,9,13,4,14,3,11
2015-12-05 16:19:17,1449332357,5,7,15,20,3,10,17,19,6,16,18,8,12,1,9,13,2,14,4,11
2015-12-05 16:23:54,1449332634,5,7,15,20,3,10,17,19,6,16,18,8,12,1,9,13,2,14,4,11
2015-12-05 16:29:56,1449332996,5,7,15,20,3,10,17,19,6,16,18,8,12,1,9,13,2,14,4,11
2015-12-05 16:48:15,1449334095,5,7,15,20,3,10,17,19,6,16,18,8,12,1,9,13,2,14,4,11
2015-12-05 16:49:46,1449334186,5,7,15,20,3,10,17,19,6,16,18,8,12,1,9,13,2,14,4,11
2015-12-05 17:30:00,1449336600,5,7,15,20,3,10,17,19,6,16,18,8,12,1,9,13,2,14,4,11
2015-12-05 19:09:29,1449342569,5,7,15,20,3,10,18,19,6,16,17,8,12,1,9,13,2,14,4,11
2015-12-06 16:00:00,1449417600,5,6,15,20,3,10,18,19,7,16,17,8,12,1,9,13,2,14,4,11
2015-12-06 17:24:42,1449422682,5,7,15,20,3,10,19,18,6,16,17,8,12,1,9,13,2,14,4,11
2015-12-06 17:49:11,1449424151,5,7,15,20,3,10,19,18,6,16,17,8,12,1,9,13,2,14,4,11
2015-12-07 20:00:00,1449518400,5,8,15,20,3,11,19,18,7,16,17,6,12,1,10,13,2,14,4,9
2015-12-07 21:31:36,1449523896,5,8,15,20,3,10,19,18,7,16,17,6,12,1,9,13,2,14,4,11
2015-12-07 21:36:47,1449524207,5,8,15,20,3,11,19,18,7,16,17,6,12,1,10,13,2,14,4,9
2015-12-12 12:45:00,1449924300,5,9,15,20,3,11,19,18,8,16,17,7,12,1,10,13,2,14,4,6
2015-12-12 12:59:48,1449925188,5,9,15,20,3,11,19,18,8,16,17,7,12,1,10,13,2,14,4,6
2015-12-12 13:48:15,1449928095,5,9,15,20,3,11,19,18,8,16,17,7,12,1,10,13,2,14,4,6
2015-12-12 15:00:00,1449932400,5,9,15,20,2,11,18,19,7,16,17,6,12,1,10,13,3,14,4,8
2015-12-12 15:03:38,1449932618,5,10,15,20,2,11,19,18,8,16,17,7,12,1,6,13,3,14,4,9
2015-12-12 15:25:19,1449933919,5,10,15,20,1,11,19,18,8,16,17,7,12,2,6,13,3,14,4,9
2015-12-12 15:37:35,1449934655,5,10,15,20,1,11,19,18,8,16,17,6,12,2,7,13,3,14,4,9
2015-12-12 16:45:23,1449938723,5,10,15,20,2,11,19,18,8,16,17,6,12,1,7,13,3,14,4,9
2015-12-12 16:47:24,1449938844,5,10,15,20,1,11,19,18,8,16,17,6,12,2,7,13,3,14,4,9
2015-12-12 17:30:00,1449941400,5,10,15,20,1,11,19,18,8,16,17,6,12,2,7,13,3,14,4,9
2015-12-12 17:31:40,1449941500,5,10,16,20,1,11,19,18,8,17,14,6,12,2,7,13,3,15,4,9
2015-12-12 17:53:34,1449942814,5,10,15,20,1,11,19,18,8,16,17,6,12,2,7,13,3,14,4,9
2015-12-12 18:41:00,1449945660,5,10,16,20,1,11,19,18,8,17,14,6,12,2,7,13,3,15,4,9
2015-12-13 13:30:00,1450013400,5,10,16,20,1,11,19,18,8,17,14,6,12,2,7,13,3,15,4,9
2015-12-13 13:37:29,1450013849,5,10,16,20,2,11,19,18,8,17,14,6,12,3,7,13,1,15,4,9
2015-12-13 14:07:03,1450015623,5,10,16,20,2,11,19,18,8,17,14,6,12,3,7,13,1,15,4,9
2015-12-13 16:00:00,1450022400,5,9,16,20,2,11,19,18,8,17,14,6,12,3,7,13,1,15,4,10
2015-12-13 16:20:50,1450023650,5,7,16,20,2,11,19,18,9,17,14,6,12,3,8,13,1,15,4,10
2015-12-13 16:29:51,1450024191,5,9,16,20,2,11,19,18,8,17,14,6,12,3,7,13,1,15,4,10
2015-12-13 16:38:29,1450024709,4,9,16,20,2,11,19,18,8,17,14,6,12,3,7,13,1,15,5,10
2015-12-13 17:29:13,1450027753,4,10,16,20,2,11,19,18,8,17,14,6,13,3,7,12,1,15,5,9
2015-12-13 17:30:14,1450027814,5,10,16,20,2,11,19,18,8,17,14,6,13,3,7,12,1,15,4,9
2015-12-13 17:49:33,1450028973,5,10,17,20,2,11,19,15,8,18,14,6,13,3,7,12,1,16,4,9
2015-12-13 17:52:00,1450029120,5,9,17,20,2,11,19,15,8,18,14,6,12,3,7,13,1,16,4,10
2015-12-14 20:00:00,1450123200,5,9,17,20,3,11,19,16,8,18,15,6,12,2,7,13,1,14,4,10
2015-12-14 20:33:03,1450125183,5,9,17,20,3,11,19,15,8,18,14,6,12,1,7,13,2,16,4,10
2015-12-14 21:05:26,1450127126,5,9,17,20,3,11,19,15,8,18,14,6,12,1,7,13,2,16,4,10
2015-12-14 21:34:48,1450128888,5,9,17,20,3,11,19,15,8,18,14,6,12,1,7,13,2,16,4,10
2015-12-19 15:00:00,1450537200,5,10,18,20,3,11,19,16,9,17,14,6,12,1,7,13,2,15,4,8
2015-12-19 15:04:54,1450537494,5,10,18,20,3,11,19,16,9,17,15,6,12,1,7,13,2,14,4,8
2015-12-19 15:12:14,1450537934,5,10,18,20,3,11,19,16,9,17,15,6,12,1,7,13,2,14,4,8
2015-12-19 15:26:54,1450538814,5,9,18,20,3,10,19,16,8,17,15,6,12,1,7,13,2,14,4,11
2015-12-19 15:31:04,1450539064,5,10,18,20,3,11,19,16,9,17,15,6,12,1,7,13,2,14,4,8
2015-12-19 15:37:46,1450539466,5,10,18,20,3,11,19,17,9,15,16,6,12,1,7,13,2,14,4,8
2015-12-19 15:39:32,1450539572,4,10,18,20,3,11,19,17,9,15,16,6,12,1,7,13,2,14,5,8
2015-12-19 15:42:22,1450539742,4,10,18,20,3,11,19,17,9,15,16,6,12,1,7,13,2,14,5,8
2015-12-19 15:45:57,1450539957,4,10,18,20,3,11,19,17,9,15,16,6,12,1,7,13,2,14,5,8
2015-12-19 16:05:28,1450541128,4,10,18,20,3,11,19,17,9,15,16,6,12,1,7,13,2,14,5,8
2015-12-19 16:08:22,1450541302,4,10,18,20,3,11,19,17,9,15,16,6,12,1,7,13,2,14,5,8
2015-12-19 16:08:26,1450541306,4,10,18,20,3,11,19,17,9,16,14,6,12,1,7,13,2,15,5,8
2015-12-19 16:10:15,1450541415,4,10,18,20,3,11,19,17,9,16,14,5,12,1,7,13,2,15,6,8
2015-12-19 16:22:09,1450542129,4,10,18,20,3,11,19,17,9,16,14,6,12,1,7,13,2,15,5,8
2015-12-19 16:22:23,1450542143,4,9,18,20,3,11,19,17,8,16,14,6,12,1,7,13,2,15,5,10
2015-12-19 16:26:37,1450542397,4,9,18,20,3,11,19,17,8,16,14,6,12,1,7,13,2,15,5,10
2015-12-19 16:32:29,1450542749,4,9,18,20,3,10,19,17,8,16,14,6,12,1,7,13,2,15,5,11
2015-12-19 16:35:56,1450542956,4,9,18,20,3,10,19,17,8,15,16,6,12,1,7,13,2,14,5,11
2015-12-19 16:43:53,1450543433,4,9,18,20,3,10,19,17,8,16,14,6,12,1,7,13,2,15,5,11
2015-12-19 16:44:53,1450543493,4,9,18,20,3,11,19,17,8,16,14,6,12,1,7,13,2,15,5,10
2015-12-19 16:46:19,1450543579,4,9,18,20,3,11,19,17,8,16,14,6,12,1,7,13,2,15,5,10
2015-12-19 17:30:00,1450546200,4,9,18,20,3,11,19,17,8,16,14,6,12,1,7,13,2,15,5,10
2015-12-19 18:07:07,1450548427,4,9,18,20,3,11,19,15,8,17,14,6,12,1,7,13,2,16,5,10
2015-12-19 18:46:40,1450550800,4,9,18,20,3,11,19,17,8,16,14,6,12,1,7,13,2,15,5,10
2015-12-20 13:30:00,1450618200,4,8,18,20,3,11,19,17,9,16,14,6,12,1,7,13,2,15,5,10
2015-12-20 13:32:05,1450618325,4,9,18,20,3,11,19,17,8,16,14,6,12,1,7,13,2,15,5,10
2015-12-20 13:44:51,1450619091,4,9,18,20,3,11,19,17,8,16,14,6,12,1,7,13,2,15,5,10
2015-12-20 15:12:34,1450624354,4,9,18,20,3,11,19,17,8,16,14,6,12,1,7,13,2,15,5,10
2015-12-20 16:00:00,1450627200,4,9,18,20,3,11,19,17,8,16,14,6,12,1,7,13,2,15,5,10
2015-12-21 20:00:00,1450728000,4,9,18,20,3,11,19,17,8,16,14,6,12,1,7,13,2,15,5,10
2015-12-21 20:32:41,1450729961,4,9,18,20,3,11,19,17,8,16,14,6,12,1,7,13,2,15,5,10
2015-12-21 20:45:53,1450730753,4,9,18,20,3,11,19,17,8,16,14,6,12,1,7,13,2,15,5,10
2015-12-21 21:38:20,1450733900,4,9,18,20,3,11,19,17,8,16,14,6,12,1,7,13,2,15,5,10
2015-12-26 12:45:00,1451133900,5,9,18,20,3,10,19,17,8,16,14,6,12,1,7,13,2,15,4,11
2015-12-26 13:03:46,1451135026,4,10,18,20,3,8,19,17,9,16,14,5,12,1,7,13,2,15,6,11
2015-12-26 13:10:07,1451135407,4,10,18,20,3,8,19,17,9,16,14,5,12,1,7,13,2,15,6,11
2015-12-26 15:00:00,1451142000,4,10,18,20,3,9,19,17,8,16,14,5,12,1,7,13,2,15,6,11
2015-12-26 15:08:25,1451142505,4,10,16,20,3,9,19,18,8,17,14,5,12,1,7,13,2,15,6,11
2015-12-26 15:11:57,1451142717,4,10,16,20,3,9,19,18,8,17,14,5,12,1,7,13,2,15,6,11
2015-12-26 15:16:23,1451142983,4,10,16,20,3,9,19,18,8,17,14,5,12,1,7,13,2,15,6,11
2015-12-26 15:21:16,1451143276,4,10,16,20,3,9,19,18,8,17,14,5,12,1,7,13,2,15,6,11
2015-12-26 15:25:52,1451143552,4,10,16,20,3,9,19,18,8,17,14,5,12,1,7,13,2,15,6,11
2015-12-26 15:31:55,1451143915,4,10,16,20,3,9,19,18,8,17,15,5,12,1,7,14,2,13,6,11
2015-12-26 15:41:21,1451144481,4,10,16,20,3,9,19,18,8,17,15,5,12,1,7,14,2,13,6,11
2015-12-26 15:41:39,1451144499,4,10,16,20,3,9,19,18,8,17,14,5,12,1,7,13,2,15,6,11
2015-12-26 15:46:54,1451144814,4,10,16,20,3,9,19,18,8,17,14,5,12,1,7,13,2,15,6,11
2015-12-26 16:09:14,1451146154,4,10,16,20,3,9,19,18,8,17,14,5,12,1,7,13,2,15,6,11
2015-12-26 16:11:59,1451146319,4,10,16,20,3,9,19,18,8,17,14,6,12,1,5,13,2,15,7,11
2015-12-26 16:14:13,1451146453,4,10,16,20,3,9,19,18,8,17,14,6,12,1,5,13,2,15,7,11
2015-12-26 16:20:13,1451146813,4,9,16,20,3,10,19,18,8,17,14,6,12,1,5,13,2,15,7,11
2015-12-26 16:20:48,1451146848,4,9,16,20,3,10,19,18,8,17,14,5,12,1,7,13,2,15,6,11
2015-12-26 16:20:59,1451146859,4,8,16,20,3,10,19,18,9,17,14,5,12,1,7,13,2,15,6,11
2015-12-26 16:35:31,1451147731,4,8,16,20,3,10,19,18,9,17,14,5,12,1,7,13,2,15,6,11
